{"cameraMode":{"drawMode":0,"name":"Shaded","section":"Shading Mode"},"sceneLighting":false,"audioPlay":false,"sceneViewState":{"m_AlwaysRefresh":false,"showFog":true,"showSkybox":false,"showFlares":true,"showImageEffects":true,"showParticleSystems":true,"showVisualEffectGraphs":true,"m_FxEnabled":true},"in2DMode":false,"pivot":{"x":1788.4398193359375,"y":3.9037749767303469,"z":4206.8017578125},"rotation":{"x":-0.049532681703567508,"y":-0.37426456809043887,"z":0.020047716796398164,"w":-0.9268687963485718},"size":35.756649017333987,"orthographic":false}