{"cameraMode":{"drawMode":0,"name":"Shaded","section":"Shading Mode"},"sceneLighting":true,"audioPlay":false,"sceneViewState":{"m_AlwaysRefresh":false,"showFog":true,"showSkybox":true,"showFlares":true,"showImageEffects":true,"showParticleSystems":true,"showVisualEffectGraphs":true,"m_FxEnabled":true},"in2DMode":false,"pivot":{"x":63.687313079833987,"y":14.657544136047364,"z":-17.087459564208986},"rotation":{"x":-0.07906212657690048,"y":0.094061940908432,"z":0.007494002114981413,"w":0.9923961162567139},"size":18.531139373779298,"orthographic":false}