{"cameraMode":{"drawMode":0,"name":"Shaded","section":"Shading Mode"},"sceneLighting":true,"audioPlay":false,"sceneViewState":{"m_AlwaysRefresh":false,"showFog":true,"showSkybox":true,"showFlares":true,"showImageEffects":true,"showParticleSystems":true,"showVisualEffectGraphs":true,"m_FxEnabled":true},"in2DMode":false,"pivot":{"x":279.9866943359375,"y":444.9415283203125,"z":98.03106689453125},"rotation":{"x":0.02396463043987751,"y":0.05246085301041603,"z":-0.001259287353605032,"w":0.9983351826667786},"size":150.01739501953126,"orthographic":false}