{"cameraMode":{"drawMode":0,"name":"Shaded","section":"Shading Mode"},"sceneLighting":true,"audioPlay":false,"sceneViewState":{"m_AlwaysRefresh":false,"showFog":true,"showSkybox":true,"showFlares":true,"showImageEffects":true,"showParticleSystems":true,"showVisualEffectGraphs":true,"m_FxEnabled":true},"in2DMode":false,"pivot":{"x":2261.129150390625,"y":0.39730000495910647,"z":4390.97412109375},"rotation":{"x":0.23694509267807008,"y":-0.23754505813121797,"z":0.059913117438554767,"w":0.940147876739502},"size":1.240018367767334,"orthographic":false}